﻿pos_x,pos_y,rotation,side,designator,mpn,pack,value,mount_type,place
67.8312,-147.3374,0.0,top,C1,,CAPPRD750W85D1600H3350,ECA1HHG222,tht,True
193.171,-133.591,90.0,top,C10,,C_1206_3216Metric,220nF,smt,True
192.0534,-158.4068,90.0,top,C11,,C_1206_3216Metric,220nF,smt,True
190.6818,-133.591,-90.0,top,C12,,C_1206_3216Metric,22uF,smt,True
181.6394,-156.5272,90.0,top,C13,,C_1206_3216Metric,100nF,smt,True
194.4156,-158.4068,-90.0,top,C14,,C_1206_3216Metric,22uF,smt,True
177.7786,-156.5526,90.0,top,C15,,C_1206_3216Metric,220nF,smt,True
130.4838,-122.6436,90.0,top,C16,,EEE0JA152UAP,EEEFK1H221P,smt,True
180.2678,-128.233,-90.0,top,C17,,C_1206_3216Metric,100nF,smt,True
143.3108,-122.6436,90.0,top,C18,,EEE0JA152UAP,EEEFK1H221P,smt,True
137.3672,-139.0266,-90.0,top,C19,,C_1206_3216Metric,390nF,smt,True
67.9328,-129.1256,0.0,top,C2,,CAPPRD750W85D1600H3350,ECA1HHG222,tht,True
176.5086,-128.233,-90.0,top,C20,,C_1206_3216Metric,220nF,smt,True
156.1124,-122.6488,90.0,top,C21,,EEE0JA152UAP,EEEFK1H221P,smt,True
168.8632,-122.6488,90.0,top,C22,,EEE0JA152UAP,EEEFK1H221P,smt,True
130.5092,-162.1646,-90.0,top,C23,,EEE0JA152UAP,EEEFK1H221P,smt,True
143.3362,-162.1646,-90.0,top,C24,,EEE0JA152UAP,EEEFK1H221P,smt,True
156.1378,-162.1646,-90.0,top,C25,,EEE0JA152UAP,EEEFK1H221P,smt,True
137.291,-146.1132,90.0,top,C26,,C_1206_3216Metric,5.6uF,smt,True
168.8886,-162.134,-90.0,top,C27,,EEE0JA152UAP,EEEFK1H221P,smt,True
183.9762,-144.2082,0.0,top,C28,,C_1206_3216Metric,1nF,smt,True
67.9328,-110.7614,0.0,top,C3,,CAPPRD750W85D1600H3350,ECA1HHG222,tht,True
40.2722,-147.3374,0.0,top,C4,,CAPPRD750W85D1600H3350,ECA1HHG222,tht,True
40.2188,-133.6468,0.0,top,C5,,CAPPRD200W55D500H1250,EEUFC1H4R7,tht,True
40.4688,-126.9412,0.0,top,C6,,CAPPRD150W47D425H800,MCMHR50V104M4X7,tht,True
67.4022,-89.654,0.0,top,C7,,CAPPRD150W47D425H800,MCMHR50V104M4X7,tht,True
73.779,-89.654,180.0,top,C8,,CAPPRD150W47D425H800,MCMHR50V104M4X7,tht,True
214.1006,-151.4726,180.0,top,C9,,C_1206_3216Metric,68nF,smt,True
82.0714,-84.0269,-90.0,top,D1,,DIOAD1405W86L465D235,1N4002G,tht,True
209.8842,-164.2234,0.0,top,D2,,DIOM5127X229N,US1M-E3_5AT,smt,True
205.0582,-167.6778,180.0,top,D3,,DIOM5127X229N,US1M-E3_5AT,smt,True
189.1578,-157.1622,-90.0,top,D4,,DIOM5127X229N,US1M-E3_5AT,smt,True
199.0384,-137.1978,0.0,top,D5,,DIOM5127X229N,US1M-E3_5AT,smt,True
187.6338,-134.1318,90.0,top,D6,,DIOM5127X229N,US1M-E3_5AT,smt,True
193.6536,-127.7236,90.0,top,D7,,DIOM5127X229N,US1M-E3_5AT,smt,True
50.423,-115.4604,180.0,top,IC1,,TO270P460X1020X2008-3P,L7915CV,tht,True
67.9544,-97.401,0.0,top,IC2,,TO255P460X1020X2008-3P,L78S15CV,tht,True
209.935,-141.9222,0.0,top,IC3,,SOIC127P600X175-8N,MCP6022-E_SN,smt,True
201.6038,-155.2318,0.0,top,IC4,,SOIC127P1032X265-16N,IR2113SPBF,smt,True
201.5914,-129.781,0.0,top,IC5,,SOIC127P1032X265-16N,IR2113SPBF,smt,True
177.7278,-144.2082,0.0,top,IC6,,SOIC127P600X175-8N,LM358DT,smt,True
95.5534,-101.465,-90.0,top,IC7,,D2PAK-STB35NF10T4,L7805ACD2T-TR,smt,True
210.403,-22.9232,-90.0,top,J1,,877159306,WAV/ENV 4 (MIDI),tht,True
60.9894,-163.8022,0.0,top,J10,,17761192,AC IN 2,tht,True
35.4878,-163.7972,0.0,top,J11,,17761192,240V Out,tht,True
22.6862,-163.7972,0.0,top,J12,,17761192,240 In,tht,True
226.064,-54.8764,-90.0,bottom,J13,,SHDR16W64P254_2X8_2798X910X910P,Keys 1 to 14,tht,True
226.318,-85.3564,-90.0,bottom,J14,,SHDR16W64P254_2X8_2798X910X910P,Keys 15 to 28,tht,True
226.191,-115.8364,-90.0,bottom,J15,,SHDR16W64P254_2X8_2798X910X910P,Keys 29 to 33,tht,True
106.049,-164.198,90.0,bottom,J16,,SHDR16W64P254_2X8_2798X910X910P,Keys 34 to 45,tht,True
106.049,-133.7434,90.0,bottom,J17,,SHDR16W64P254_2X8_2798X910X910P,Keys 46 to 59,tht,True
106.176,-103.6444,90.0,bottom,J18,,SHDR16W64P254_2X8_2798X910X910P,Keys 60 to 73,tht,True
188.7514,-144.8686,0.0,top,J19,,PinHeader_1x01_P2.54mm_Vertical,Triangle Test,tht,True
184.9522,-22.9232,-90.0,top,J2,,877159306,WAV/ENV 3,tht,True
74.1466,-163.7916,0.0,top,J20,,17761192,AMP Out,tht,True
87.1514,-163.7972,0.0,top,J21,,17761192,SUB Out,tht,True
164.0626,-139.6108,0.0,top,J22,,PinHeader_1x01_P2.54mm_Vertical,Square Test,tht,True
216.158,-137.3502,0.0,top,J23,,PinHeader_1x01_P2.54mm_Vertical,Bias Test Point 2,tht,True
204.347,-137.3756,0.0,top,J24,,PinHeader_1x01_P2.54mm_Vertical,Bias Test Point 1,tht,True
24.2824,-137.1092,-90.0,top,J25,,CTB05083,Pedals,tht,True
159.7446,-22.9232,-90.0,top,J3,,877159306,WAV/ENV 2,tht,True
134.243,-22.9232,-90.0,top,J4,,877159306,WAV/ENV 1,tht,True
108.9488,-22.9392,-90.0,top,J5,,1001878410212TLF,TONE SRC 4,tht,True
83.4792,-22.9232,-90.0,top,J6,,1001878410212TLF,TONE SRC 3,tht,True
58.1046,-22.9232,-90.0,top,J7,,1001878410212TLF,TONE SRC 2,tht,True
32.643,-22.9232,-90.0,top,J8,,1001878410212TLF,TONE SRC 1,tht,True
48.2386,-163.8022,0.0,top,J9,,17761192,AC IN 1,tht,True
129.417,-136.9946,-90.0,top,L1,,SRN8040220M,SRN8040-220M,smt,True
129.417,-148.1198,90.0,top,L2,,SRN8040220M,SRN8040-220M,smt,True
209.5817,-129.1612,180.0,top,Q1,,SOT-23,BC848,smt,True
209.6262,-152.3238,180.0,top,Q2,,SOT-23,BC848,smt,True
180.852,-165.1124,90.0,top,Q3,,IRFR2905ZTRPBF,IRFR2905ZTRPBF,smt,True
196.1982,-165.087,-90.0,top,Q4,,IRFR2905ZTRPBF,IRFR2905ZTRPBF,smt,True
180.559,-119.8062,90.0,top,Q5,,IRFR2905ZTRPBF,IRFR2905ZTRPBF,smt,True
193.7044,-119.8002,90.0,top,Q6,,IRFR2905ZTRPBF,IRFR2905ZTRPBF,smt,True
56.773,-131.7526,90.0,top,R1,,SQMR54K7J,SQMR54K7J,tht,True
209.9604,-159.626,180.0,top,R10,,R_1206_3216Metric,10k,smt,True
209.935,-134.1752,180.0,top,R11,,R_1206_3216Metric,10k,smt,True
177.7024,-148.2214,180.0,top,R12,,R_1206_3216Metric,100k,smt,True
168.5388,-140.2966,0.0,top,R13,,R_1206_3216Metric,5k1,smt,True
203.9406,-164.7568,0.0,top,R14,,R_1206_3216Metric,10R,smt,True
186.2368,-158.3159,90.0,top,R15,,R_1206_3216Metric,10R,smt,True
172.2472,-147.1292,90.0,top,R16,,R_1206_3216Metric,100k,smt,True
174.3788,-137.6042,-90.0,top,R17,,CT9EW104,CT-9EW104,tht,True
78.363,-98.3104,90.0,top,R2,,RESAD1650W60L650D250,MRS25000C1801FCT00,tht,True
209.9056,-148.0566,0.0,top,R3,,R_1206_3216Metric,10k,smt,True
209.9604,-125.0312,180.0,top,R4,,R_1206_3216Metric,10k,smt,True
214.0752,-153.9364,180.0,top,R5,,R_1206_3216Metric,10k,smt,True
213.9736,-129.7556,180.0,top,R6,,R_1206_3216Metric,10k,smt,True
217.936,-124.9804,90.0,top,R7,,R_1206_3216Metric,10k,smt,True
184.6874,-134.1859,-90.0,top,R8,,R_1206_3216Metric,10R,smt,True
190.6564,-128.8412,-90.0,top,R9,,R_1206_3216Metric,10R,smt,True
57.2048,-151.7062,-90.0,top,U1,,SOT508P985X260-4N,DF06S,smt,True
69.9157,-84.9206,0.0,top,VR1,,3362P_1,3362P-1-102LF,tht,True
218.5548,-142.8874,-90.0,top,VR2,,T73YP103KT20,T73YP103KT20,tht,True
214.4816,-120.7132,90.0,top,VR3,,T73YP103KT20,T73YP103KT20,tht,True
195.5586,-146.3418,90.0,top,VR4,,T73YP103KT20,T73YP103KT20,tht,True
168.5388,-145.5036,180.0,top,Z1,,PDZVTFTR47B,PDZVTFTR4.7B,smt,True
163.6366,-145.5388,180.0,top,Z2,,PDZVTFTR47B,PDZVTFTR4.7B,smt,True
