﻿designator,quantity,value,pack,mpn,mount_type
"C1, C2, C3, C4",4,ECA1HHG222,CAPPRD750W85D1600H3350,,tht
"C10, C11, C15, C20",4,220nF,C_1206_3216Metric,,smt
"C12, C14",2,22uF,C_1206_3216Metric,,smt
"C13, C17",2,100nF,C_1206_3216Metric,,smt
"C16, C18, C21, C22, C23, C24, C25, C27",8,EEEFK1H221P,EEE0JA152UAP,,smt
C19,1,390nF,C_1206_3216Metric,,smt
C26,1,5.6uF,C_1206_3216Metric,,smt
C28,1,1nF,C_1206_3216Metric,,smt
C5,1,EEUFC1H4R7,CAPPRD200W55D500H1250,,tht
"C6, C7, C8",3,MCMHR50V104M4X7,CAPPRD150W47D425H800,,tht
C9,1,68nF,C_1206_3216Metric,,smt
D1,1,1N4002G,DIOAD1405W86L465D235,,tht
"D2, D3, D4, D5, D6, D7",6,US1M-E3_5AT,DIOM5127X229N,,smt
IC1,1,L7915CV,TO270P460X1020X2008-3P,,tht
IC2,1,L78S15CV,TO255P460X1020X2008-3P,,tht
IC3,1,MCP6022-E_SN,SOIC127P600X175-8N,,smt
"IC4, IC5",2,IR2113SPBF,SOIC127P1032X265-16N,,smt
IC6,1,LM358DT,SOIC127P600X175-8N,,smt
IC7,1,L7805ACD2T-TR,D2PAK-STB35NF10T4,,smt
J1,1,WAV/ENV 4 (MIDI),877159306,,tht
J10,1,AC IN 2,17761192,,tht
J11,1,240V Out,17761192,,tht
J12,1,240 In,17761192,,tht
J13,1,Keys 1 to 14,SHDR16W64P254_2X8_2798X910X910P,,tht
J14,1,Keys 15 to 28,SHDR16W64P254_2X8_2798X910X910P,,tht
J15,1,Keys 29 to 33,SHDR16W64P254_2X8_2798X910X910P,,tht
J16,1,Keys 34 to 45,SHDR16W64P254_2X8_2798X910X910P,,tht
J17,1,Keys 46 to 59,SHDR16W64P254_2X8_2798X910X910P,,tht
J18,1,Keys 60 to 73,SHDR16W64P254_2X8_2798X910X910P,,tht
J19,1,Triangle Test,PinHeader_1x01_P2.54mm_Vertical,,tht
J2,1,WAV/ENV 3,877159306,,tht
J20,1,AMP Out,17761192,,tht
J21,1,SUB Out,17761192,,tht
J22,1,Square Test,PinHeader_1x01_P2.54mm_Vertical,,tht
J23,1,Bias Test Point 2,PinHeader_1x01_P2.54mm_Vertical,,tht
J24,1,Bias Test Point 1,PinHeader_1x01_P2.54mm_Vertical,,tht
J25,1,Pedals,CTB05083,,tht
J3,1,WAV/ENV 2,877159306,,tht
J4,1,WAV/ENV 1,877159306,,tht
J5,1,TONE SRC 4,1001878410212TLF,,tht
J6,1,TONE SRC 3,1001878410212TLF,,tht
J7,1,TONE SRC 2,1001878410212TLF,,tht
J8,1,TONE SRC 1,1001878410212TLF,,tht
J9,1,AC IN 1,17761192,,tht
"L1, L2",2,SRN8040-220M,SRN8040220M,,smt
"Q1, Q2",2,BC848,SOT-23,,smt
"Q3, Q4, Q5, Q6",4,IRFR2905ZTRPBF,IRFR2905ZTRPBF,,smt
R1,1,SQMR54K7J,SQMR54K7J,,tht
"R10, R11, R3, R4, R5, R6, R7",7,10k,R_1206_3216Metric,,smt
"R12, R16",2,100k,R_1206_3216Metric,,smt
R13,1,5k1,R_1206_3216Metric,,smt
"R14, R15, R8, R9",4,10R,R_1206_3216Metric,,smt
R17,1,CT-9EW104,CT9EW104,,tht
R2,1,MRS25000C1801FCT00,RESAD1650W60L650D250,,tht
U1,1,DF06S,SOT508P985X260-4N,,smt
VR1,1,3362P-1-102LF,3362P_1,,tht
"VR2, VR3, VR4",3,T73YP103KT20,T73YP103KT20,,tht
"Z1, Z2",2,PDZVTFTR4.7B,PDZVTFTR47B,,smt
